INR,Project Name,Interconnecting Entity,Point of Interconnection (POI),Voltage (kV),County,CDR Reporting Zone,Projected COD,Technology,Capacity (MW),Screening Study Started,Screening Study Complete,FIS Requested,FIS Approved,IA Signed,GIM Study Phase,NTP,Construction Start,Construction End
19INR0103,Rodeo Solar,"Core Solar Spv I, Llc",Nelson Switch,138,Andrews,WEST,05/01/2026,PV,200,06/29/2017,08/04/2017,02/19/2018,,08/20/2019,"SS Completed, FIS Started, IA",Yes,,
19INR0110,Azalea Springs Solar ,Edp Renewables,Jim English – Lufkin Chipper Mill,138,Angelina,NORTH,05/31/2025,PV,181,07/26/2017,09/15/2017,03/15/2018,04/30/2024,09/14/2023,"SS Completed, FIS Completed, IA",Yes,,
22INR0559,Honeycomb Solar,"Honeycomb Solar, Llc",Tynan,69,Bee,SOUTH,12/01/2025,PV,61.43,11/16/2021,01/17/2022,11/02/2021,,05/01/2023,"SS Completed, FIS Started, IA",Yes,,
25INR0060,Argenta Solar,"Charter Oak Solar, Llc",Tango - Goddard,345,Bee,SOUTH,07/01/2026,PV,325,06/27/2022,09/21/2022,07/14/2022,,04/05/2024,"SS Completed, FIS Started, IA",Yes,,
24INR0166,Stillhouse Solar,Stillhouse Solar Llc,Bell County East – Little Pond,345,Bell,NORTH,06/01/2025,PV,212.55,11/24/2021,02/19/2022,11/23/2021,,06/07/2023,"SS Completed, FIS Started, IA",Yes,,
23INR0249,Limewood Solar ,Limewood Bell Renewables Llc,Temple Pecan Creek ,138,Bell,NORTH,12/31/2025,PV,204.6,04/30/2021,07/22/2021,10/06/2021,,02/22/2023,"SS Completed, FIS Started, IA",Yes,,
23INR0344,Xe Hermes Solar,Bell Solar 1 Llc,Bell County East -  TNP One,345,Bell,NORTH,08/25/2025,PV,100.36,09/21/2021,12/09/2021,06/01/2022,04/19/2024,11/08/2023,"SS Completed, FIS Completed, IA",Yes,,
20INR0035,Angus Solar,"Angus Solar, Llc",Bosque - Cayote,138,Bosque,NORTH,04/01/2026,PV,112,11/13/2017,01/02/2018,11/13/2017,04/03/2023,12/06/2021,"SS Completed, FIS Completed, IA",Yes,,
23INR0150,Cradle Solar,Cradle Solar Llc,Dow - Oasis,345,Brazoria,COASTAL,12/31/2025,PV,200.85,02/04/2021,04/21/2021,03/15/2021,06/14/2022,03/15/2023,"SS Completed, FIS Completed, IA",Yes,,
26INR0042,Valhalla Solar,Industrial Papa Project Llc,Copper - Booster,138,Brazoria,COASTAL,05/31/2026,PV,306.8,03/09/2023,06/05/2023,03/08/2023,03/19/2024,12/06/2023,"SS Completed, FIS Completed, IA",Yes,,
20INR0248,Damazo (Second Division) Solar,Tx Gulf Solar 1 Llc,Sanber - West Colombia,138,Brazoria,COASTAL,12/16/2024,PV,100.2,03/28/2019,06/18/2019,07/29/2019,10/28/2022,10/14/2020,"SS Completed, FIS Completed, IA",Yes,,
23INR0091,Cascade Solar,"Cascade Solar Energy, Llc",Oasis – Seabreeze,345,Brazoria,COASTAL,01/16/2026,PV,254.2,02/09/2021,05/06/2021,04/28/2021,03/02/2023,04/17/2023,"SS Completed, FIS Completed, IA",Yes,,
19INR0042,Long Point Solar,"Long Point Solar, Llc",Burke - Eagle Nest,138,Brazoria,COASTAL,12/31/2025,PV,120,03/15/2017,04/20/2017,11/13/2017,,10/24/2019,"SS Completed, FIS Started, IA",Yes,10/15/2024,10/30/2025
23INR0054,Tanglewood Solar,"Brazoria Solar, Llc",Seabreeze,345,Brazoria,COASTAL,01/16/2025,PV,250.96,07/10/2020,09/28/2020,11/24/2020,06/03/2024,11/01/2022,"SS Completed, FIS Completed, IA",Yes,,
22INR0261,Dorado Solar,"Enbridge Solar (Eldorado), Llc",Reata ,345,Callahan,WEST,12/31/2025,PV,401.35,01/09/2020,03/30/2020,08/27/2020,,06/19/2023,"SS Completed, FIS Started, IA",Yes,,
25INR0282,Hornet Solar Ii Slf,Hornet Solar Ii Llc,Ozark Trail,345,Castro,PANHANDLE,06/01/2026,PV,208.95,01/03/2023,03/29/2023,12/20/2022,07/02/2024,08/21/2024,"SS Completed, FIS Completed, IA",Yes,,
16INR0049,Nazareth Solar,"Tx Nazareth Solar, Llc",Tule Canyon - Ogallala,345,Castro,PANHANDLE,12/31/2025,PV,204,06/19/2014,07/25/2014,07/01/2014,04/17/2023,06/07/2023,"SS Completed, FIS Completed, IA",Yes,,
20INR0091,Fagus Solar Park 1 Slf,"Excel Advantage Services, Llc Dba Misae Solar Park Ii",Tesla,345,Childress,PANHANDLE,05/15/2025,PV,166.42,05/15/2018,07/06/2018,05/15/2018,02/27/2024,02/21/2019,"SS Completed, FIS Completed, IA",Yes,,
21INR0253,Ulysses Solar,Bnb Tennyson Solar Llc,Red Creek - Bluff Creek,345,Coke,WEST,02/23/2026,PV,150,01/25/2019,04/05/2019,05/10/2019,,10/03/2022,"SS Completed, FIS Started, IA",Yes,,
23INR0296,Trojan Solar Slf,"Nextera Energy Resources Interconnection Holdings, Llc",Cedar Elm,345,Cooke,NORTH,02/28/2026,PV,0,07/01/2021,09/22/2021,06/30/2021,,10/10/2022,"SS Completed, FIS Started, IA",Yes,,
22INR0455,Blue Sky Sol,Blue Sky Solar Llc,Friends Ranch ,138,Crockett,WEST,02/15/2025,PV,101.2,12/03/2020,02/16/2021,11/10/2020,07/05/2023,02/01/2022,"SS Completed, FIS Completed, IA",Yes,,
22INR0454,Dr Solar,"Delaware Ranch Solar, Llc",Delaware River,138,Culberson,WEST,12/15/2025,PV,36,12/22/2020,03/10/2021,12/17/2020,,02/07/2022,"SS Completed, FIS Started, IA",Yes,,
20INR0255,Renegade Project,Renegade Renewable Llc,Windmill – AJ Swope,345,Deaf Smith,PANHANDLE,12/18/2025,PV,515.66,02/26/2019,05/17/2019,02/07/2019,,01/04/2021,"SS Completed, FIS Started, IA",Yes,,
23INR0056,Caliche Mound Solar ,Tierra Blanco Solar Llc,AJ Swope - Windmill,345,Deaf Smith,PANHANDLE,08/28/2025,PV,408.21,07/24/2020,09/08/2020,07/07/2020,08/22/2023,10/12/2023,"SS Completed, FIS Completed, IA",Yes,,
22INR0251,Shaula I Solar,"Shaula Energy Project, Llc",Elm Creek - South Texas,345,DeWitt,SOUTH,10/30/2025,PV,205.2,12/03/2019,03/08/2020,11/20/2019,,02/16/2022,"SS Completed, FIS Started, IA",Yes,,
22INR0267,Shaula Ii Solar,"Shaula Energy Project Ii, Llc",Elm Creek - South Texas,345,DeWitt,SOUTH,05/30/2026,PV,205.2,12/18/2019,03/12/2020,12/18/2019,,04/27/2022,"SS Completed, FIS Started, IA",Yes,,
21INR0326,Dove Run Solar,"Dove Run Solar Project, Llc",Falfurrias - Crestonio,138,Duval,SOUTH,07/31/2026,PV,120.86,05/07/2019,07/23/2019,05/02/2019,,10/31/2023,"SS Completed, FIS Started, IA",Yes,,
25INR0109,Sun Cactus Solar,"Sun Cactus Solar Project, Llc",Falfurrias - Crestonio,138,Duval,SOUTH,08/31/2026,PV,120.63,07/05/2022,10/01/2022,06/20/2022,,11/06/2023,"SS Completed, FIS Started, IA",Yes,,
24INR0421,Swift Air Solar,"Swift Air Solar, Llc",Moss – Shin Oak POD,138,Ector,WEST,03/31/2025,PV,146.5,11/07/2022,02/03/2023,09/01/2022,02/13/2024,04/30/2024,"SS Completed, FIS Completed, IA",Yes,,
23INR0202,Erath County Solar,"Erath County Solar, Llc",Romney - Kopperl,345,Erath,NORTH,08/27/2026,PV,207.4,03/08/2021,05/28/2021,03/06/2021,,06/01/2023,"SS Completed, FIS Started, IA",Yes,,
23INR0118,Blevins Solar,"Blevins Solar, Llc",Tap Bellfalls – Lake Creek,138,Falls,NORTH,07/01/2025,PV,271.58,02/04/2021,04/19/2021,02/12/2021,06/24/2024,06/17/2023,"SS Completed, FIS Completed, IA",Yes,,
21INR0223,Tulsita Solar,Ray Ranch Solar Llc,Tuleta - Euler,138,Goliad,SOUTH,12/31/2024,PV,256.2,12/05/2018,02/21/2019,05/17/2019,03/01/2024,09/19/2022,"SS Completed, FIS Completed, IA",Yes,,
22INR0283,Peregrine Solar,Sp-Peregrine Solar Llc,Grissom – Coleto Creek,345,Goliad,SOUTH,12/30/2024,PV,301.3,01/07/2020,03/30/2020,05/27/2020,07/29/2024,06/19/2021,"SS Completed, FIS Completed, IA",Yes,,
23INR0035,Starling Solar ,"Starling Solar, Llc ",Luling - Gonzales,138,Gonzales,SOUTH,06/14/2025,PV,123,06/26/2020,09/14/2020,01/22/2021,,12/03/2021,"SS Completed, FIS Started, IA",Yes,,
23INR0231,Rocinante Solar,"Brush Country Solar Project, Llc",Deer Creek - Nixon,138,Gonzales,SOUTH,05/18/2026,PV,95.29,04/22/2021,07/14/2021,04/22/2021,,04/25/2022,"SS Completed, FIS Started, IA",Yes,,
23INR0160,Grimes County Solar,"Grimes County Solar Project, Llc",Keith,138,Grimes,NORTH,06/15/2025,PV,211.25,01/26/2021,04/12/2021,12/16/2020,06/17/2024,06/23/2022,"SS Completed, FIS Completed, IA",Yes,,
22INR0354,Xe Murat [Adlong] Solar ,Liberty 1 Solar,Crosby - Atascocita,138,Harris,HOUSTON,10/04/2024,PV,60.36,08/04/2020,10/16/2020,01/05/2021,12/06/2021,03/04/2022,"SS Completed, FIS Completed, IA",Yes,,
22INR0270,Miller'S Branch I,"Miller'S Branch Solar, Llc",Gauss - Clear Crossing,345,Haskell,WEST,12/01/2025,PV,200,12/17/2019,03/06/2020,06/19/2020,,06/14/2021,"SS Completed, FIS Started, IA",Yes,06/01/2024,12/01/2025
21INR0207,Quantum Solar,"Ip Quantum Ii, Llc",Clear Crossing - Pendulo ,345,Haskell,WEST,03/31/2026,PV,374.4,09/27/2018,11/14/2018,11/07/2018,,10/26/2023,"SS Completed, FIS Started, IA",Yes,,
23INR0031,Solace Solar,"Ip Quantum, Llc.",Graham - Tonkawas,345,Haskell,WEST,03/31/2026,PV,374.4,04/22/2020,07/09/2020,04/03/2020,10/26/2023,01/30/2024,"SS Completed, FIS Completed, IA",Yes,,
25INR0055,Three W Solar,Three W Solar Llc,Hillboro - Blanton,138,Hill,NORTH,06/01/2026,PV,110.89,03/07/2022,06/02/2022,02/28/2022,01/04/2023,03/28/2023,"SS Completed, FIS Completed, IA",Yes,,
21INR0379,Ash Creek Solar,Ash Creek Solar Llc,Sam,345,Hill,NORTH,01/31/2025,PV,417.74,07/29/2019,10/25/2019,07/19/2019,04/16/2024,11/11/2022,"SS Completed, FIS Completed, IA",Yes,,
24INR0139,Midpoint Solar,"Midpoint Solar, Llc",BLUM to Blanton,138,Hill,NORTH,08/30/2025,PV,99.8,10/15/2021,01/04/2022,05/04/2022,,10/31/2023,"SS Completed, FIS Started, IA",Yes,,
24INR0023,Compadre Solar,"Hill Solar I, Llc",Sam - Venus,345,Hill,NORTH,12/25/2024,PV,406.14,03/16/2021,05/28/2021,03/08/2021,01/31/2024,11/12/2022,"SS Completed, FIS Completed, IA",Yes,,
20INR0203,Pine Forest Solar,"Pine Forest Solar I, Llc",Monticello – Allen,345,Hopkins,NORTH,12/01/2025,PV,301.51,10/04/2018,11/20/2018,,,07/29/2020,"SS Completed, FIS Not Started, IA",Yes,,
20INR0208,Signal Solar,"Adapture Renewables, Inc",Wieland - Quinlan,138,Hunt,NORTH,03/15/2025,PV,51.79,11/07/2018,12/20/2018,,09/01/2023,10/23/2020,"SS Completed, FIS Completed, IA",Yes,,
24INR0010,Pinnington Solar,Hecate Energy Longhorn Solar Llc,Graham - Parker  lines,345,Jack,NORTH,10/15/2025,PV,666.1,12/03/2020,02/17/2021,11/10/2020,,11/02/2023,"SS Completed, FIS Started, IA",Yes,,
20INR0236,New Hickory Solar,New Hickory Solar Llc,Old Hickory,345,Jackson,SOUTH,07/15/2026,PV,209.15,01/25/2019,04/19/2019,08/12/2019,06/30/2024,06/30/2020,"SS Completed, FIS Completed, IA",Yes,,
21INR0344,Lunis Creek Solar Slf,"Lunis Creek Solar Project, Llc",Static - South Texas Project,345,Jackson,SOUTH,12/31/2026,PV,617.12,05/02/2019,07/03/2019,05/02/2019,,10/29/2021,"SS Completed, FIS Started, IA",Yes,,
23INR0223,Garcitas Creek Solar,Garcitas Creek Solar Llc,South Texas Project – Angstrom,345,Jackson,SOUTH,12/30/2026,PV,201.94,10/05/2021,12/08/2021,10/08/2021,,06/30/2022,"SS Completed, FIS Started, IA",Yes,,
21INR0499,Neptune Solar,Matagorda Solar Llc,Formosa ,138,Jackson,SOUTH,12/31/2026,PV,204.65,04/13/2020,07/07/2020,03/26/2020,,05/30/2000,"SS Completed, FIS Started, IA",Yes,,
21INR0393,Orange Grove Solar,"Enbridge Solar (Orange Grove), Llc",Orange Grove  ,138,Jim Wells,SOUTH,04/30/2025,PV,130.6,07/12/2019,09/09/2019,07/08/2019,07/23/2024,06/08/2022,"SS Completed, FIS Completed, IA",Yes,,
20INR0242,"Anson Solar Center, Phase Ii","Anson Solar Center 2, Llc",Phantom Hill ,345,Jones,WEST,12/01/2025,PV,200.9,06/23/2017,08/07/2017,02/15/2018,,08/15/2024,"SS Completed, FIS Started, IA",Yes,,
20INR0241,Crowded Star Solar,"Jones City Solar, Llc",Claytonville – Phantom Hill,345,Jones,WEST,12/31/2025,PV,218.79,01/21/2019,04/19/2019,05/22/2019,,12/17/2019,"SS Completed, FIS Started, IA",Yes,,
22INR0203,Delilah Solar 2,Delilah Solar Energy Ii Llc,TTRSW,345,Lamar,NORTH,07/26/2025,PV,317.58,11/20/2018,01/03/2019,05/03/2019,06/09/2020,12/22/2020,"SS Completed, FIS Completed, IA",Yes,,
20INR0222,Tyson Nick Solar,"Tyson Nick Solar Project, Llc",Toco ,138,Lamar,NORTH,08/01/2025,PV,90.5,12/12/2018,02/15/2019,01/14/2019,07/29/2024,08/28/2020,"SS Completed, FIS Completed, IA",Yes,,
26INR0023,Leon Solar Park,Misae Solar Iv Llc,Grapeland Magnolia Tap - Pleasant Springs,138,Leon,NORTH,07/01/2026,PV,212.62,09/15/2022,12/13/2022,08/27/2022,04/12/2024,05/21/2024,"SS Completed, FIS Completed, IA",Yes,,
21INR0428,Nabatoto Solar North,Cg Leon County Ii Llc,Gibbons Creek - Limestone,345,Leon,NORTH,04/15/2026,PV,451.35,09/23/2019,12/10/2019,09/11/2019,,02/26/2021,"SS Completed, FIS Started, IA",Yes,,
23INR0367,Fewell Solar,Fewell Solar Llc,Groesbeck - Groesbeck Main,138,Limestone,NORTH,09/09/2025,PV,203.5,08/19/2021,11/05/2021,02/17/2022,04/17/2023,08/18/2023,"SS Completed, FIS Completed, IA",Yes,,
25INR0105,Diver Solar Slf,Diver Solar,St Johns - Jewett,345,Limestone,NORTH,06/30/2026,PV,225.59,09/02/2022,11/29/2022,06/28/2022,07/26/2023,10/27/2023,"SS Completed, FIS Completed, IA",Yes,,
24INR0298,Leighton Solar Slf,Lavender Solar Llc,Benhur,69,Limestone,NORTH,10/17/2026,PV,183,05/11/2022,08/05/2022,03/16/2022,,05/28/2024,"SS Completed, FIS Started, IA",Yes,,
23INR0487,Brightside Solar Alt Poi,"Brightside Solar, Llc",Charter,138,Live Oak,SOUTH,08/14/2025,PV,50,05/16/2022,08/05/2022,,,06/11/2020,"SS Completed, FIS Not Started, IA",Yes,,
24INR0337,Eldora Solar,Eldora Energy Llc,South Texas Project – Hillje,345,Matagorda,COASTAL,06/30/2026,PV,200.94,06/10/2022,09/06/2022,06/01/2022,12/18/2023,11/15/2023,"SS Completed, FIS Completed, IA",Yes,,
22INR0342,Matagorda Solar,"Leeward Renewable Energy Development, Llc",Shropshire  ,69,Matagorda,COASTAL,12/27/2025,PV,101,05/01/2020,07/15/2020,11/05/2020,09/14/2021,06/08/2022,"SS Completed, FIS Completed, IA",Yes,,
23INR0057,Duffy Solar,Vda Solar Texas 1 Llc,Hilje and STP ,345,Matagorda,COASTAL,11/01/2026,PV,545.21,09/11/2020,11/19/2020,02/04/2021,,04/12/2023,"SS Completed, FIS Started, IA",Yes,,
25INR0232,Isaac Solar,Industrial Bravo Project Llc,Conoco  ,138,Matagorda,COASTAL,03/31/2026,PV,51.6,11/07/2022,02/03/2023,10/27/2022,,10/18/2023,"SS Completed, FIS Started, IA",Yes,,
23INR0084,Lavaca Bay Solar ,Tc Energy Solar Llc,Refuge - Jones Cree,345,Matagorda,COASTAL,12/04/2024,PV,243.46,09/11/2020,11/19/2020,03/05/2021,03/21/2022,06/15/2022,"SS Completed, FIS Completed, IA",Yes,,
23INR0349,Tokio Solar,"Gransolar Texas Eight, Llc",Waco Atco - Cotton Belt,138,McLennan,NORTH,08/25/2025,PV,170.45,08/12/2021,11/01/2021,04/14/2022,,11/06/2023,"SS Completed, FIS Started, IA",Yes,,
24INR0038,Sp Jaguar Solar ,Sp-Jaguar Solar Llc,Tradinghouse SES - Sam,345,McLennan,NORTH,06/01/2026,PV,300,03/18/2021,06/11/2021,07/15/2021,08/30/2022,09/12/2022,"SS Completed, FIS Completed, IA",Yes,,
22INR0356,Jungmann Solar,Bt Jungmann Llc,Temp SS - Marak,69,Milam,SOUTH,03/17/2025,PV,40.21,06/03/2020,08/11/2020,02/05/2021,04/25/2024,02/15/2022,"SS Completed, FIS Completed, IA",Yes,,
24INR0208,Eastbell Milam Solar Ii,Cattlemen Solar Park Ii Llc,Bell County East - TNP One,345,Milam,SOUTH,11/25/2024,PV,150.6,03/07/2022,06/02/2022,02/03/2022,02/01/2024,10/25/2023,"SS Completed, FIS Completed, IA",Yes,,
23INR0235,Hoyte Solar,"Milano Solar, Llc",Cannon,138,Milam,SOUTH,03/31/2026,PV,206.75,04/01/2021,07/02/2021,03/25/2021,06/07/2022,10/14/2022,"SS Completed, FIS Completed, IA",Yes,,
24INR0070,Sypert Branch Solar Project,Sypert Branch Solar Llc,Sandow - Bell County East,345,Milam,SOUTH,07/01/2025,PV,261.15,09/21/2021,12/06/2021,04/28/2022,10/09/2023,10/12/2023,"SS Completed, FIS Completed, IA",Yes,,
22INR0511,Gransolar Texas One,"Gransolar Texas One, Llc",Thorndale North - Salty ,138,Milam,SOUTH,03/17/2025,PV,50.8,03/16/2021,06/11/2021,03/08/2021,01/24/2022,06/13/2022,"SS Completed, FIS Completed, IA",Yes,,
24INR0042,Yaupon Solar Slf,"Yaupon Solar, Llc",Gibson Switch – TNP One,345,Milam,SOUTH,06/15/2026,PV,204.08,03/30/2021,06/17/2021,11/23/2021,,09/28/2023,"SS Completed, FIS Started, IA",Yes,,
24INR0031,Stoneridge Solar,"Stoneridge Solar, Llc",Sandow - Austrop,345,Milam,SOUTH,04/30/2025,PV,201.6,10/08/2021,01/03/2022,01/31/2022,05/21/2024,05/15/2023,"SS Completed, FIS Completed, IA",Yes,,
24INR0399,Buzios Solar,"Roaring Springs Solar, Llc",Cottonwood and White River,,Motley,PANHANDLE,06/30/2026,PV,252,09/15/2022,12/13/2022,08/04/2022,,11/06/2023,"SS Completed, FIS Started, IA",Yes,,
24INR0206,Glasgow Solar,Glasgow Solar Llc,Big Onion - Navarro,345,Navarro,NORTH,11/10/2025,PV,203.5,02/07/2022,05/07/2022,01/12/2022,09/10/2023,11/08/2023,"SS Completed, FIS Completed, IA",Yes,,
21INR0421,Armadillo Solar ,"Armadillo Solar Center, Llc ",Navarro ,138,Navarro,NORTH,12/31/2026,PV,204,08/28/2019,11/22/2019,08/28/2019,,02/02/2021,"SS Completed, FIS Started, IA",Yes,,
24INR0141,Gaia Solar,"Gaia Solar, Llc",Trinidad SES - Montfort,138,Navarro,NORTH,07/31/2025,PV,152.65,12/29/2021,03/23/2022,05/11/2022,,11/08/2023,"SS Completed, FIS Started, IA",Yes,,
23INR0061,Noria Solar Dcc,Premier Engineering Usa Corp.,Nelson Sharpe   ,345,Nueces,COASTAL,09/01/2025,PV,145,08/04/2020,10/28/2020,03/10/2021,,10/12/2022,"SS Completed, FIS Started, IA",Yes,,
19INR0035,Norton Solar,"Tai Norton Solar, Llc",Garnet ,138,Runnels,WEST,10/01/2025,PV,125,03/06/2017,04/20/2017,11/08/2017,05/04/2023,06/20/2019,"SS Completed, FIS Completed, IA",Yes,,
23INR0286,Dry Creek Solar I,Oak Hill Solar Llc,Martin Lake - Elkton,345,Rusk,NORTH,01/01/2026,PV,201.06,08/18/2021,11/05/2021,03/30/2022,06/12/2024,11/02/2023,"SS Completed, FIS Completed, IA",Yes,,
23INR0093,Alila Solar,"Electra Energy Project, Llc",Angstrom  ,345,San Patricio,COASTAL,05/15/2026,PV,256.5,10/07/2020,12/30/2020,09/11/2020,03/16/2023,01/03/2023,"SS Completed, FIS Completed, IA",Yes,,
25INR0052,Sanpat Solar Ii,"Cgrp 04, Llc",Angstrom – Naismith,345,San Patricio,COASTAL,12/31/2026,PV,256.23,02/28/2022,05/27/2022,07/15/2022,,10/18/2023,"SS Completed, FIS Started, IA",Yes,,
20INR0216,Starr Solar Ranch,Starr Solar Ranch 1 Llc,Roma ,138,Starr,SOUTH,12/01/2024,PV,136.73,11/07/2018,12/14/2018,11/07/2018,01/26/2024,10/01/2020,"SS Completed, FIS Completed, IA",Yes,,
21INR0334,Nightfall Solar Slf,"Bdpu Solar Nightfall, Llc ",Razorback - Uvalde ,138,Uvalde,SOUTH,06/30/2026,PV,181.16,05/10/2019,07/31/2019,01/24/2020,,10/26/2023,"SS Completed, FIS Started, IA",Yes,,
23INR0045,Gp Solar,Hep Aquamarine Holdings Llc,Glen Pine - Explorer,138,Van Zandt,NORTH,05/15/2025,PV,121.97,09/25/2020,12/16/2020,02/22/2021,11/10/2021,12/29/2021,"SS Completed, FIS Completed, IA",Yes,,
24INR0093,Oriana Solar,Oriana Solar Llc,Rayburn - Vanderbilt,138,Victoria,SOUTH,04/06/2025,PV,181,08/25/2021,11/17/2021,08/13/2021,07/30/2024,02/27/2023,"SS Completed, FIS Completed, IA",Yes,,
23INR0044,Parliament Solar,Parliament Solar Llc,Zenith - Gibbons Creek,345,Waller,HOUSTON,03/13/2025,PV,484.56,06/19/2020,09/08/2020,06/08/2020,04/25/2024,05/26/2022,"SS Completed, FIS Completed, IA",Yes,,
24INR0059,Cuchillas Solar,"Gransolar Texas Two, Llc",Lobo ,345,Webb,SOUTH,05/01/2026,PV,305.6,06/02/2021,08/18/2021,02/11/2022,,06/20/2023,"SS Completed, FIS Started, IA",Yes,,
23INR0007,Outpost Solar,Hecate Energy Outpost Solar Llc,Lobo - Fowlerton,345,Webb,SOUTH,04/01/2025,PV,517.3,12/06/2019,02/25/2020,12/02/2019,02/01/2024,01/11/2022,"SS Completed, FIS Completed, IA",Yes,,
21INR0341,Space City Solar,"Apollo Solar Ranch, Llc",Hillje ,345,Wharton,SOUTH,06/01/2026,PV,609.74,11/01/2019,03/06/2020,10/15/2019,,01/06/2021,"SS Completed, FIS Started, IA",Yes,,
21INR0220,Maleza Solar,Brush Solar Llc,Blue – Hillje,345,Wharton,SOUTH,09/01/2025,PV,254.94,12/06/2018,01/18/2019,,,01/27/2021,"SS Completed, FIS Not Started, IA",Yes,,
22INR0307,Desert Vine Solar,Desert Vine Solar Llc,Lopeno - Zapata ,138,Zapata,SOUTH,12/30/2026,PV,121.29,05/01/2020,07/13/2020,02/03/2021,,12/16/2022,"SS Completed, FIS Started, IA",Yes,,
23INR0162,Redonda Solar,"J&R Power Devco, Llc",Del Sol - Cenizo,345,Zapata,SOUTH,12/30/2026,PV,253.21,01/25/2021,04/12/2021,08/11/2021,,12/28/2021,"SS Completed, FIS Started, IA",Yes,,
23INR0289,Skull Creek Solar,"Skull Creek Solar, Llc",Tennessee Colony - Blackfoot,138,Anderson,NORTH,09/16/2026,PV,137.26,05/28/2021,08/19/2021,12/16/2021,11/22/2023,05/20/2024,"SS Completed, FIS Completed, IA",No,,
23INR0439,Smokey Willie Solar Slf,"Neches Solar, Llc",Blackburn – Palestine ,138,Anderson,NORTH,03/13/2026,PV,200.92,01/06/2022,03/31/2022,12/29/2021,09/22/2023,,"SS Completed, FIS Completed, No IA",No,,
25INR0335,Jaguarundi Solar,"Jaguarundi Solar, Llc",Navy Kickapoo,138,Archer,WEST,07/01/2025,PV,90.29,03/27/2023,06/19/2023,03/16/2023,,,"SS Completed, FIS Started, No IA",No,,
25INR0586,Zeus Armstrong Solar,"Armstrong Solar, Llc",Ailibates - Tulecnyn,345,Armstrong,PANHANDLE,05/16/2026,PV,509.6,05/20/2024,06/19/2024,,,,"SS Completed, FIS Started, No IA",No,12/28/2024,12/13/2025
21INR0391,Grandslam Solar,"Grandslam Solar, L.L.C.",Miracle Lake ,138,Atascosa,SOUTH,12/01/2025,PV,121.89,07/29/2019,10/30/2019,07/26/2019,,01/29/2021,"SS Completed, FIS Started, IA",No,,
23INR0065,Bonita Creek Solar,Invenergy Solar Development North America Llc,Elm Creek - San Miguel ,345,Atascosa,SOUTH,12/31/2026,PV,200,12/03/2020,03/10/2021,06/16/2021,07/08/2024,,"SS Completed, FIS Completed, No IA",No,,
23INR0078,Shaw Solar,"Rio Lago Solar, Llc",Verde Creek - Bandera,138,Bandera,SOUTH,09/12/2025,PV,124.65,10/23/2020,01/12/2021,05/11/2021,,,"SS Completed, FIS Started, No IA",No,,
26INR0511,Little Star Solar,"Rwe Clean Energy Development, Llc",Cistern,345,Bastrop,SOUTH,12/31/2026,PV,61.6,07/01/2024,,06/12/2024,,,"SS Started, FIS Started, No IA",No,,
26INR0378,Larimar Solar,"Bt S7 Solar, Llc",Kenedy ‐ Tulet,138,Bee,SOUTH,12/18/2026,PV,150.91,01/11/2024,04/05/2024,01/05/2024,,,"SS Completed, FIS Started, No IA",No,,
26INR0134,Myers Solar,"Bt Myers Solar, Llc",Baez ,69,Bee,SOUTH,09/01/2026,PV,100.94,06/28/2023,09/20/2023,06/01/2023,,,"SS Completed, FIS Started, No IA",No,,
26INR0153,Apis Solar, S&S Renewables Llc,Goddard – Tango,345,Bee,SOUTH,09/30/2026,PV,533.72,07/18/2023,09/22/2023,06/29/2023,,,"SS Completed, FIS Started, No IA",No,,
25INR0281,Cosper Solar,Gransolar Texas Twenty Llc,Ding Dong - Copperas Cove Tu,138,Bell,NORTH,09/15/2026,PV,148.16,01/03/2023,03/30/2023,,,,"SS Completed, FIS Started, No IA",No,,
23INR0207,El Patrimonio Solar,Heritage Solar Llc,Trumbo - Leon Creek ,138,Bexar,SOUTH,09/23/2026,PV,152.32,03/16/2021,05/28/2021,11/23/2021,,12/11/2023,"SS Completed, FIS Started, IA",No,,
26INR0360,Gail Mountain Solar,"Gail Mountain Solar, Llc",Bull Creek Wind - Willow Valley,138,Borden,WEST,07/01/2026,PV,152,01/03/2024,03/19/2024,12/08/2023,,,"SS Completed, FIS Started, No IA",No,,
21INR0359,Hickerson Solar,Hickerson Solar,Navarro - Kopperl,345,Bosque,NORTH,03/01/2026,PV,316.3,05/29/2019,08/23/2019,02/19/2020,,12/18/2023,"SS Completed, FIS Started, IA",No,,
24INR0213,Owens Solar,Owens Solar Llc,Bosque - Cayote,138,Bosque,NORTH,12/31/2025,PV,203.5,02/07/2022,05/06/2022,01/12/2022,,,"SS Completed, FIS Started, No IA",No,,
23INR0295,Sultan Solar,"Lake Whitney Solar, Llc",Sam – Kopperl,345,Bosque,NORTH,12/31/2026,PV,206.11,07/01/2021,09/27/2021,06/29/2021,,,"SS Completed, FIS Started, No IA",No,,
22INR0279,Clutch City Solar Phase I,"Hz Solar I, Llc",Mustang Bayou – Hudson,138,Brazoria,COASTAL,10/01/2026,PV,200.75,01/22/2020,04/08/2020,02/11/2020,04/16/2024,09/30/2022,"SS Completed, FIS Completed, IA",No,,
25INR0330,Clutch City Solar Phase Ii,"Hz Solar I, Llc",Mustang Bayou – Hudson,138,Brazoria,COASTAL,10/01/2026,PV,251.27,02/20/2023,05/20/2023,02/10/2023,04/16/2024,,"SS Completed, FIS Completed, No IA",No,,
26INR0117,Oyster Creek Solar I Slf,"Oyster Creek Solar 1, Llc",Angleton - Clute,138,Brazoria,COASTAL,06/23/2026,PV,0,06/28/2023,09/22/2023,06/15/2023,,,"SS Completed, FIS Started, No IA",No,,
21INR0256,Amsterdam Solar,"Cottonwood Bayou Solar Ii, Llc",Oasis - Dow,345,Brazoria,COASTAL,09/01/2025,PV,509.88,02/07/2019,04/29/2019,07/31/2019,,02/17/2022,"SS Completed, FIS Started, IA",No,,
23INR0366,Amsterdam Solar Ii,"Cottonwood Bayou Solar Ii, Llc",Oasis - Dow,345,Brazoria,COASTAL,09/01/2025,PV,509.88,08/12/2021,10/29/2021,11/18/2021,07/31/2023,,"SS Completed, FIS Completed, No IA",No,,
24INR0041,Rock N' Roll Solar Slf,Rock N Roll Solar,Rosharon - Winmil ,138,Brazoria,COASTAL,07/31/2026,PV,151.97,05/10/2021,07/30/2021,01/20/2022,,,"SS Completed, FIS Started, No IA",No,,
25INR0170,Pinewood Solar,"Brazoria Solar Ii, Llc",Seabreeze ,345,Brazoria,COASTAL,06/01/2025,PV,150.68,09/02/2022,11/30/2022,,06/19/2024,,"SS Completed, FIS Completed, No IA",No,,
23INR0087,Kinenos Solar,"Encino Del Sol Energy, Llc",North Edinburg - Lon Hill,345,Brooks,SOUTH,12/31/2026,PV,203.17,12/22/2020,03/10/2021,12/03/2020,,,"SS Completed, FIS Started, No IA",No,,
19INR0075,Horseshoe Bend Solar,Clenera,Brown ,345,Brown,NORTH,09/19/2026,PV,301.1,06/23/2017,08/07/2017,02/09/2018,,,"SS Completed, FIS Started, No IA",No,,
21INR0294,Mountaineer Solar,Mustang Mountaineer Solar Llc,Brown ,345,Brown,NORTH,12/31/2026,PV,332,04/16/2019,06/11/2019,12/08/2019,,,"SS Completed, FIS Started, No IA",No,,
24INR0333,Chisme Solar,"Blue Heron Solar, Llc",Brown - Buckhorn,345,Brown,NORTH,10/07/2026,PV,147,01/17/2023,04/14/2023,01/11/2023,07/23/2024,,"SS Completed, FIS Completed, No IA",No,,
24INR0353,Exodus Solar,Exodus Solar Llc. ,Austrop – Zorn,345,Caldwell,SOUTH,08/15/2025,PV,181.02,06/10/2022,09/06/2022,05/20/2022,,,"SS Completed, FIS Started, No IA",No,,
25INR0129,Demeter Solar,"Demeter Solar, Llc",Luling - Lockhart,,Caldwell,SOUTH,03/28/2026,PV,88,08/05/2022,11/01/2022,,,,"SS Completed, FIS Started, No IA",No,,
22INR0262,Deville Solar,Deville Solar Llc,Reata ,345,Callahan,WEST,02/28/2026,PV,425.02,01/22/2020,04/08/2020,08/27/2020,,08/29/2023,"SS Completed, FIS Started, IA",No,,
26INR0008,Puerto Del Sol 1,"Puerto Del Sol, Llc",Palmito - King Fisher,345,Cameron,COASTAL,12/31/2026,PV,213.8,05/16/2022,08/13/2022,,,,"SS Completed, FIS Started, No IA",No,,
20INR0050,Castro Solar,"Castro Solar One, Llc",Ogallala ,345,Castro,PANHANDLE,09/30/2026,PV,222.95,02/08/2018,04/09/2018,05/15/2018,,11/30/2020,"SS Completed, FIS Started, IA",No,,
23INR0015,Scarlet Solar,"Innovative Solar 416, Llc",Ogallala - Windmill,345,Castro,PANHANDLE,08/26/2025,PV,180,12/11/2019,03/06/2020,08/31/2020,,,"SS Completed, FIS Started, No IA",No,,
23INR0101,Atria Solar,"Atria Energy Project, Llc",Hacher ,138,Chambers,HOUSTON,12/30/2025,PV,112.4,10/23/2020,01/12/2021,09/28/2020,12/15/2021,,"SS Completed, FIS Completed, No IA",No,,
24INR0004,Ponil Solar,"Innovative Solar 377, Llc",Tesla,345,Childress,PANHANDLE,07/08/2025,PV,145,02/04/2020,04/29/2020,10/22/2020,,,"SS Completed, FIS Started, No IA",No,,
25INR0672,Fagus Solar Park 2 Slf,"Excel Advantage Services, Llc Dba Misae Solar Park Ii",Tesla,345,Childress,PANHANDLE,12/01/2025,PV,166.57,06/03/2024,07/06/2018,05/30/2024,,,"SS Completed, FIS Started, No IA",No,,
26INR0524,Fagus Solar Park 3 Slf,"Excel Advantage Services, Llc Dba Misae Solar Park Ii",Tesla,345,Childress,PANHANDLE,04/01/2026,PV,186.83,06/03/2024,07/06/2018,05/30/2024,,,"SS Completed, FIS Started, No IA",No,,
25INR0097,Soleil Solar,"Soleil Solar, Llc",Krum West - Riley,345,Clay,WEST,09/17/2026,PV,728.72,09/02/2022,11/29/2022,08/26/2022,04/15/2024,,"SS Completed, FIS Completed, No IA",No,,
23INR0228,Hiru Solar,Hecate Energy Hazel Llc,Riley - West Krum,345,Clay,WEST,12/31/2025,PV,614.4,04/21/2021,07/14/2021,08/30/2021,05/18/2023,,"SS Completed, FIS Completed, No IA",No,,
23INR0082,Bottom Grass Solar,"Bottom Grass Solar Project, Llc",Holman - Hillje,345,Colorado,SOUTH,12/01/2026,PV,508.61,11/05/2020,02/02/2021,10/21/2020,,06/29/2023,"SS Completed, FIS Started, IA",No,,
25INR0152,Bottom Grass Solar Ii,"Flint Rock Solar Project, Llc",Holman - Hillje,345,Colorado,SOUTH,12/01/2026,PV,401.6,11/07/2022,02/04/2023,11/02/2022,,,"SS Completed, FIS Started, No IA",No,,
21INR0349,Pearl Crescent Solar,"Rwe Solar Development, Llc",Rock Island,138,Colorado,SOUTH,12/08/2026,PV,208.35,05/31/2019,08/26/2019,09/30/2019,,,"SS Completed, FIS Started, No IA",No,,
22INR0237,Dragan Solar,Hecate Comanche Solar Llc,Comanche ,345,Comanche,NORTH,06/02/2026,PV,411,11/11/2019,02/17/2020,08/23/2019,04/25/2022,,"SS Completed, FIS Completed, No IA",No,,
22INR0220,Lamkin Solar,"Commanche Solar, Llc",Hamilton - Gustine,69,Comanche,NORTH,12/31/2025,PV,101.5,06/24/2019,09/18/2019,03/13/2020,07/11/2022,,"SS Completed, FIS Completed, No IA",No,,
26INR0255,Operation Sunshine,"Duck Creek Solar, Llc ",Amos Creek,345,Concho,WEST,07/01/2026,PV,602.1,11/14/2023,02/09/2024,09/27/2023,,,"SS Completed, FIS Started, No IA",No,,
24INR0181,Bynum Solar Project,"Bynum Solar Project, Llc",Olsen - Sycamore,69,Coryell,NORTH,12/15/2025,PV,65.4,12/18/2021,03/11/2022,05/23/2022,,,"SS Completed, FIS Started, No IA",No,,
26INR0147,Seven Springs Solar,"Hancock Springs, Llc",Copperas Cove,138,Coryell,NORTH,05/15/2026,PV,145.57,09/22/2023,12/14/2023,09/05/2023,,,"SS Completed, FIS Started, No IA",No,,
26INR0110,Western Flats Solar,Hecate Energy Point Mountain Solar Facility 1 Llc,Crane - King Mountain,138,Crane,WEST,12/31/2026,PV,410.2,04/07/2023,07/05/2023,,,,"SS Completed, FIS Started, No IA",No,,
21INR0021,Green Holly Solar,Greengo Energy,Longdraw - Farmland,345,Dawson,WEST,05/30/2026,PV,413.6,07/11/2018,08/16/2018,07/11/2018,,05/19/2020,"SS Completed, FIS Started, IA",No,,
21INR0022,Red Holly Solar,Greengo Energy,Longdraw - Farmland,345,Dawson,WEST,05/30/2026,PV,260,07/11/2018,08/16/2018,07/11/2018,,10/19/2020,"SS Completed, FIS Started, IA",No,,
24INR0200,White Tail Solar,Mule Deer Solar Llc,Windmill – AJ Swope,345,Deaf Smith,PANHANDLE,04/22/2026,PV,226.8,02/07/2022,05/07/2022,10/21/2022,06/07/2024,,"SS Completed, FIS Completed, No IA",No,,
25INR0227,Serengeti Solar,Abei Energy Green Xiv Llc,Enloe – Delta,138,Delta,NORTH,09/14/2026,PV,76.18,12/07/2022,03/06/2023,11/18/2022,,,"SS Completed, FIS Started, No IA",No,,
24INR0137,Eagle Springs Solar,"Eagle Springs Solar, Llc",Lake Creek – Enloe,138,Delta,NORTH,12/31/2025,PV,110.1,10/18/2021,01/12/2022,06/13/2022,,,"SS Completed, FIS Started, No IA",No,,
23INR0009,Shaula Iii Solar,"Shaula Energy Project Iii, Llc",Elm Creek - South Texas,345,DeWitt,SOUTH,12/24/2025,PV,205.2,12/18/2019,03/11/2020,12/18/2019,,,"SS Completed, FIS Started, No IA",No,,
23INR0282,Bayside Ii Solar,"Bayside Ii Solar, Llc",STP - Elm Creek and  Cachena and Old Hickory,345,DeWitt,SOUTH,11/30/2026,PV,252.8,07/28/2021,10/11/2021,06/09/2021,,,"SS Completed, FIS Started, No IA",No,,
25INR0165,Timberlakes Solar,Donegalsol ,Cottonwood ,345,Dickens,PANHANDLE,10/31/2026,PV,203.5,11/07/2022,02/03/2023,09/02/2022,,,"SS Completed, FIS Started, No IA",No,,
24INR0088,Tres Margaritas Solar,"Gransolar Texas Six, Llc",Big Wells – Dilley,138,Dimmit,SOUTH,06/30/2026,PV,60.95,07/13/2021,10/08/2021,02/21/2022,,,"SS Completed, FIS Started, No IA",No,,
26INR0196,Realitos  Solar Slf,Mesquite Creek Llc,Bruni – Crestonio,138,Duval,SOUTH,12/31/2026,PV,150.49,09/07/2023,12/05/2023,07/20/2023,,,"SS Completed, FIS Started, No IA",No,,
23INR0471,Ophelia Solar,Ophelia Solar,Moss – Shin Oak POD,138,Ector,WEST,12/18/2025,PV,110.5,09/02/2022,11/29/2022,08/01/2022,,,"SS Completed, FIS Started, No IA",No,,
26INR0279,Firebird Solar,"Tx Firebird Sb 6, Llc",Southwestern Portland - Olsin,138,Ector,WEST,12/31/2026,PV,100.42,11/14/2023,02/09/2024,10/31/2023,,,"SS Completed, FIS Started, No IA",No,,
21INR0268,Greyhound Solar,"Rockhound Solar 2, Llc Dba ""Greyhound Solar""",Wolf - Moss,345,Ector,WEST,03/31/2026,PV,587.76,03/28/2019,06/05/2019,03/21/2019,,01/15/2022,"SS Completed, FIS Started, IA",No,,
22INR0218,Greyhound Solar 2,Greyhound Solar 2,Wolf - Moss and Wolf - Odessa,345,Ector,WEST,12/31/2025,PV,500,05/14/2019,08/05/2019,05/10/2019,,,"SS Completed, FIS Started, No IA",No,,
21INR0320,Ion Solar,Gse Group Llc,Venus - Navarro,345,Ellis,NORTH,05/29/2026,PV,384,05/17/2019,08/01/2019,01/28/2020,05/24/2024,,"SS Completed, FIS Completed, No IA",No,,
21INR0362,Oystercatcher Solar,"Oystercatcher Solar, Llc",Venus - Navarro,345,Ellis,NORTH,04/15/2026,PV,220.33,05/30/2019,08/07/2019,12/20/2019,,08/20/2021,"SS Completed, FIS Started, IA",No,,
24INR0079,Boxcar Solar 2,"Edf Renewables Development, Inc.",Venus - Navarro,345,Ellis,NORTH,09/17/2026,PV,251.3,07/13/2021,09/28/2021,05/23/2022,,,"SS Completed, FIS Started, No IA",No,,
24INR0368,Glory Bee Solar,Riley Solar Llc,Comanche - Comanche Peak,345,Erath,NORTH,04/14/2026,PV,305,06/10/2022,09/06/2022,06/06/2022,04/18/2023,,"SS Completed, FIS Completed, No IA",No,,
20INR0106,Wang Solar Slf,"Bt Yixin Solar, Llc",Lake - TempSS,345,Falls,NORTH,03/31/2026,PV,144.6,06/14/2018,08/13/2018,08/29/2018,,,"SS Completed, FIS Started, No IA",No,,
25INR0297,Riverbend Solar Slf,"Riverbend Renewables, Llc",Tradnighouse - Temple Pecan Creek,345,Falls,NORTH,09/28/2026,PV,301,03/08/2023,06/05/2023,03/03/2023,07/23/2024,,"SS Completed, FIS Completed, No IA",No,,
21INR0031,Indigo Solar,"Innovative Solar 245, Llc",Claytonville – Phantom Hill,345,Fisher,WEST,08/17/2026,PV,150,09/27/2018,11/20/2018,05/15/2019,,09/15/2022,"SS Completed, FIS Started, IA",No,,
24INR0150,Lupinus Solar 1,"Lupinus Solar, Llc",Woodard Switch - Monticello SES,345,Franklin,NORTH,09/21/2026,PV,164.86,12/08/2021,03/04/2022,05/11/2022,07/12/2024,,"SS Completed, FIS Completed, No IA",No,,
24INR0154,Lupinus Solar 2,"Lupinus Solar 2, Llc",Monticello,138,Franklin,NORTH,09/21/2026,PV,244.24,12/13/2021,03/10/2022,05/11/2022,06/26/2024,,"SS Completed, FIS Completed, No IA",No,,
24INR0484,Lupinus Solar 3,"Lupinus Solar 2, Llc",Monticello,138,Franklin,NORTH,09/21/2026,PV,100.8,09/23/2023,12/20/2023,09/13/2023,06/26/2024,,"SS Completed, FIS Completed, No IA",No,,
25INR0423,Brackens Solar,Brackens Solar,Ranchland ,138,Freestone,NORTH,08/07/2026,PV,177.24,05/15/2023,08/11/2023,05/01/2023,,,"SS Completed, FIS Started, No IA",No,,
26INR0082,Amerada Solar,"Amerada Solar, Llc",Richland - Big Brown,345,Freestone,NORTH,10/22/2026,PV,301.57,05/15/2023,08/11/2023,04/28/2023,,,"SS Completed, FIS Started, No IA",No,,
25INR0168,Piedra Solar,"Piedra Solar, Llc",Navarro – Limestone,345,Freestone,NORTH,04/20/2026,PV,300.93,09/02/2022,11/30/2022,,02/05/2024,07/02/2024,"SS Completed, FIS Completed, IA",No,,
25INR0436,Hess King Solar Farm,Facility Innovations Group,Dilley,138,Frio,SOUTH,12/31/2025,PV,130,04/19/2023,07/13/2023,,,,"SS Completed, FIS Started, No IA",No,09/01/2023,09/01/2025
24INR0180,Frio Farm,Premier Engineering Usa Corp.,Big Foot,138,Frio,SOUTH,06/25/2026,PV,106.5,12/20/2021,03/10/2022,09/13/2022,,,"SS Completed, FIS Started, No IA",No,,
25INR0353,Marshall Spring Solar,"Ampyr Energy Usa, Llc",Gilles - Fergus and Gilles - Horsba,138,Gillespie,SOUTH,07/01/2026,PV,150,02/20/2023,05/18/2023,,,,"SS Completed, FIS Started, No IA",No,,
24INR0061,Eighteenmile Solar Slf,"Weser Solar, Llc",Four Corners - Choate,138,Goliad,SOUTH,09/02/2025,PV,153.06,08/18/2021,11/05/2021,08/24/2021,,,"SS Completed, FIS Started, No IA",No,,
24INR0440,Starling Solar Phase Ii,"Starling Solar, Llc",Luling - Gonzales,138,Gonzales,SOUTH,06/14/2025,PV,43.56,10/06/2022,12/28/2022,,,,"SS Completed, FIS Started, No IA",No,,
25INR0318,Silver Fox Solar,Industrial Lima Project Llc,Haggerty,138,Grayson,NORTH,05/31/2026,PV,101.2,07/31/2023,10/27/2023,07/24/2023,,,"SS Completed, FIS Started, No IA",No,,
23INR0144,Galactic Solar,"Uka North America, Llc",Gordonville - Sherman West,138,Grayson,NORTH,03/01/2024,PV,205.2,12/22/2020,03/10/2021,12/01/2020,12/21/2021,08/12/2022,"SS Completed, FIS Completed, IA",No,,
22INR0471,Maratua Solar,"Bdpu Solar Maratua, Llc",Singleton - Jewett,345,Grimes,NORTH,12/30/2026,PV,218,12/03/2020,02/19/2021,08/13/2021,,,"SS Completed, FIS Started, No IA",No,,
24INR0172,Smith Lake Solar Dc,Smith Lake Solar,Singleton - Zenith,345,Grimes,NORTH,11/30/2026,PV,402,02/07/2022,05/06/2022,11/02/2022,,,"SS Completed, FIS Started, No IA",No,,
26INR0004,Grimes Solar,Cg Grimes County Llc,Roans Prairie  ,345,Grimes,NORTH,02/15/2026,PV,153.45,03/14/2022,06/03/2022,03/07/2022,,,"SS Completed, FIS Started, No IA",No,,
24INR0115,Aster Solar,Aster Solar,Zorn ,345,Guadalupe,SOUTH,10/15/2026,PV,203.52,09/21/2021,12/09/2021,05/24/2022,,,"SS Completed, FIS Started, No IA",No,,
24INR0287,Rockridge Solar Project,Magnolia Solar Development Llc,Hickory Forest ,138,Guadalupe,SOUTH,11/15/2025,PV,221.27,04/18/2022,07/12/2022,08/03/2022,,,"SS Completed, FIS Started, No IA",No,,
22INR0462,Old Aqueduct Solar,Old Aqueduct Solar ,Blackwater ,345,Hale,PANHANDLE,09/01/2024,PV,511.63,12/03/2020,02/19/2021,06/29/2021,,,"SS Completed, FIS Started, No IA",No,,
23INR0233,Earthwise Solar,Quanah Solar 2,Tesla - Jim Treece,345,Hardeman,WEST,12/31/2026,PV,370.5,03/14/2022,06/09/2022,02/25/2022,,,"SS Completed, FIS Started, No IA",No,,
23INR0040,Dori Bq Solar,"Sunnyside Energy, Llc",Holmes – Garden Villas ,138,Harris,HOUSTON,08/13/2025,PV,50.42,06/09/2020,08/18/2020,01/29/2021,12/02/2022,12/01/2022,"SS Completed, FIS Completed, IA",No,,
24INR0044,Miller'S Branch Ii,"Miller'S Branch Solar, Llc",Gauss - Clear Crossing,345,Haskell,WEST,04/01/2026,PV,200,11/04/2021,03/06/2020,11/04/2021,,,"SS Completed, FIS Started, No IA",No,,
20INR0012,Lueders Solar,Innovative Solar 75,Paint Creek - Ft Phantom,138,Haskell,WEST,12/31/2025,PV,40,07/11/2017,08/28/2017,10/20/2017,,,"SS Completed, FIS Started, No IA",No,,
26INR0146,Dmf Sagerton Solar Slf,Double Mountain Fork Llc,Aspermont – Paint Creek,138,Haskell,WEST,12/31/2026,PV,125.5,07/31/2023,10/27/2023,07/24/2023,,,"SS Completed, FIS Started, No IA",No,,
23INR0261,Dodd Solar I,Forest Grove Solar Llc,Eustace Southeast – Forest Grove,138,Henderson,NORTH,03/01/2026,PV,201.8,06/24/2021,09/20/2021,04/04/2022,03/13/2024,,"SS Completed, FIS Completed, No IA",No,,
24INR0364,Pitts Dudik Ii,Pitts Dudik Ii,Ash Creek Switch,138,Hill,NORTH,07/01/2025,PV,30.23,07/18/2022,10/14/2022,08/04/2022,,06/13/2024,"SS Completed, FIS Started, IA",No,,
24INR0106,Payne Battlecreek,"Gransolar Texas Ten, Llc",Haney - Hubbard,138,Hill,NORTH,05/15/2026,PV,84.99,08/12/2021,10/29/2021,03/10/2022,04/17/2023,02/23/2024,"SS Completed, FIS Completed, IA",No,,
25INR0229,Oci Cobb Creek Solar,Oci Hillsboro Solar Llc,Venus - Sam,345,Hill,NORTH,09/01/2026,PV,203.1,11/15/2022,02/09/2023,11/09/2022,05/06/2024,07/24/2024,"SS Completed, FIS Completed, IA",No,,
25INR0166,Padrino Solar,"Hill Solar Ii, Llc",Sam – Fort Smith,345,Hill,NORTH,03/23/2026,PV,201.11,09/15/2022,12/13/2022,,07/12/2024,,"SS Completed, FIS Completed, No IA",No,,
25INR0204,Claxton Solar,"Bt Claxton Solar, Llc",Allen Switch - Monticello,345,Hopkins,NORTH,09/07/2026,PV,150.64,09/21/2022,12/19/2022,11/03/2022,,,"SS Completed, FIS Started, No IA",No,,
23INR0229,Solterra Solar,"Bt Solterra Solar, Llc",White Oak - Brinker,138,Hopkins,NORTH,09/17/2025,PV,143,03/19/2021,06/11/2021,03/18/2021,,,"SS Completed, FIS Started, No IA",No,,
24INR0326,Blarney Solar,"Sligsol, Llc",Cumby Tap - Commerce South,138,Hopkins,NORTH,05/04/2026,PV,81,07/05/2022,10/01/2022,04/21/2022,10/18/2023,,"SS Completed, FIS Completed, No IA",No,,
26INR0176,Dionysus Solar,"Dionysus Solar, Llc",Mustang Prairie - Latexo,138,Houston,NORTH,12/31/2026,PV,153.26,06/28/2023,09/22/2023,06/05/2023,,,"SS Completed, FIS Started, No IA",No,,
25INR0106,Luthor Solar,Trex Us Luthor Llc,Luther Station – Little Luther ,138,Howard,WEST,09/05/2026,PV,101,06/27/2022,09/21/2022,,,,"SS Completed, FIS Started, No IA",No,,
22INR0425,Makalu Solar,Abei Energy Green X Llc,Pruitt - Greenville ,138,Hunt,NORTH,04/15/2026,PV,50.16,01/21/2021,01/28/2021,08/10/2021,,,"SS Completed, FIS Started, No IA",No,,
25INR0246,Valdivian Solar,Abei Energy Green Iii Llc,Commerce - Wolf City ,138,Hunt,NORTH,09/26/2026,PV,80.45,02/27/2023,05/26/2023,02/22/2023,,,"SS Completed, FIS Started, No IA",No,,
26INR0014,Greenwolfe Solar Alt Poi,"Edf Renewables Development, Inc.",Farmersville - Cyclone,345,Hunt,NORTH,09/24/2026,PV,274.14,11/15/2022,02/10/2023,11/07/2022,,,"SS Completed, FIS Started, No IA",No,,
22INR0444,Liberty Senate Solar 1,Senate Solar Llc,Burwick  ,345,Jack,NORTH,10/27/2025,PV,202,03/01/2021,05/13/2021,09/10/2021,03/31/2023,,"SS Completed, FIS Completed, No IA",No,,
21INR0343,Flag City Solar,"Flag City Solar Project, Llc",Red Bluff - Danevang,138,Jackson,SOUTH,12/31/2026,PV,167.3,05/07/2019,07/29/2019,05/02/2019,,,"SS Completed, FIS Started, No IA",No,,
24INR0110,Kildare,"Galsol, Llc",Cordele,69,Jackson,SOUTH,09/30/2025,PV,70,01/28/2022,04/26/2022,01/18/2022,12/06/2023,,"SS Completed, FIS Completed, No IA",No,,
24INR0462,Ventana Ranch Solar,Monarch Energy Development Llc,Lon Hill - North Edinburg,345,Jim Wells,SOUTH,12/01/2026,PV,502.03,11/15/2022,02/10/2023,11/10/2022,,,"SS Completed, FIS Started, No IA",No,,
24INR0075,Blue Bird Solar ,Gigawatt Solar Llc,Rocky Creek - Mitchell Bend,345,Johnson,NORTH,06/01/2025,PV,"1,004",11/10/2021,02/07/2022,07/30/2021,05/18/2023,01/18/2024,"SS Completed, FIS Completed, IA",No,,
26INR0440,Hamby Solar,Abilene Gce Llc,Roberson,69,Jones,WEST,05/30/2026,PV,71.4,03/22/2024,06/19/2024,,,,"SS Completed, FIS Started, No IA",No,,
23INR0010,Plateau Solar,"Innovative Solar 206, Llc",West Shackelford - Claytonville,345,Jones,WEST,05/31/2025,PV,300,12/06/2019,02/25/2020,08/20/2020,,,"SS Completed, FIS Started, No IA",No,,
22INR0274,Crowded Star Solar Ii,"Jones City Solar Ii, Llc",Claytonville – Phantom Hill,345,Jones,WEST,01/26/2026,PV,190.18,03/26/2020,06/05/2020,03/24/2021,,12/17/2019,"SS Completed, FIS Started, IA",No,,
26INR0068,Charro Creek Solar 1 Slf,Charro Creek Solar Llc,Pawnee - Coleto,345,Karnes,SOUTH,07/01/2026,PV,203,01/30/2023,04/28/2023,02/10/2023,,,"SS Completed, FIS Started, No IA",No,,
26INR0070,Charro Creek Solar 2 Slf,Charro Creek Solar Llc,Pawnee - Coleto,345,Karnes,SOUTH,07/01/2026,PV,203,03/08/2023,06/01/2023,02/15/2023,,,"SS Completed, FIS Started, No IA",No,,
26INR0072,Charro Creek Solar 3 Slf,Charro Creek Solar Llc,Pawnee - Coleto,,Karnes,SOUTH,07/01/2026,PV,203,03/08/2023,06/01/2023,02/15/2023,,,"SS Completed, FIS Started, No IA",No,,
22INR0426,Lubio Solar,Bdpu Solar Lubio Llc,Crandall - Kaufman Northwest,138,Kaufman,NORTH,02/01/2026,PV,54.47,10/07/2020,12/28/2020,06/28/2021,10/30/2023,,"SS Completed, FIS Completed, No IA",No,,
23INR0222,Sunbelt Solar,Rose Hill Solar Llc,Talty - Patton,138,Kaufman,NORTH,12/31/2026,PV,81.5,03/16/2021,05/28/2021,09/30/2021,,,"SS Completed, FIS Started, No IA",No,,
24INR0303,Erika Solar,"Erika Solar, Llc",Elkton - Tricrn,345,Kaufman,NORTH,07/01/2026,PV,204.08,07/25/2022,10/18/2022,07/06/2022,,10/12/2023,"SS Completed, FIS Started, IA",No,,
24INR0339,Mystic Springs Renewable Energy Solar Slf,Tawakoni Park Solar Llc,Royse – Poetry,345,Kaufman,NORTH,09/14/2026,PV,258.83,05/10/2022,08/06/2022,11/28/2022,,,"SS Completed, FIS Started, No IA",No,,
22INR0215,Texas Solar Nova 1,"Texas Solar Nova 1, Llc",Dermott - Cottonwood,345,Kent,WEST,01/31/2026,PV,200.2,06/24/2019,12/30/2015,06/19/2019,,,"SS Completed, FIS Started, No IA",No,,
24INR0182,Despain Solar Project,Gransolar Texas Thirteen Llc,Odlaw,138,Kinney,SOUTH,07/01/2026,PV,236.17,12/05/2021,03/02/2022,06/16/2022,,,"SS Completed, FIS Started, No IA",No,,
26INR0246,Cairos Solar,"Cairos Solar, Llc",Odlaw,138,Kinney,SOUTH,12/31/2026,PV,153.26,10/04/2023,12/30/2023,09/22/2023,,,"SS Completed, FIS Started, No IA",No,,
26INR0143,Santa Garcias Solar,Oxy Renewable Energy Llc,Alazan - Barney Davis,138,Kleberg,COASTAL,05/31/2026,PV,265,06/28/2023,09/22/2023,06/07/2023,,,"SS Completed, FIS Started, No IA",No,,
24INR0132,Bowhead Solar,"Baffin Bay Solar, Llc",Kleberg – Kingsville,138,Kleberg,COASTAL,01/15/2026,PV,165,11/16/2021,02/12/2022,08/09/2022,,,"SS Completed, FIS Started, No IA",No,,
22INR0357,Loma Pinta Solar,"Loma Pinta Wind Energy, Llc",Fowlerton ,138,La Salle,SOUTH,05/31/2026,PV,203.06,06/03/2020,08/18/2020,05/28/2020,,,"SS Completed, FIS Started, No IA",No,,
24INR0204,Trigo Solar Project,Ignis Tx Solar Two Llc,Fowlerton ,138,La Salle,SOUTH,12/15/2025,PV,145.62,01/07/2022,04/01/2022,07/27/2022,,,"SS Completed, FIS Started, No IA",No,,
25INR0368,Echols Creek Solar,"Bt Ferguson Solar, Llc",Hawk Hollow - Lamar Blossom,138,Lamar,NORTH,12/31/2026,PV,201.15,04/07/2023,07/05/2023,03/22/2023,07/24/2024,,"SS Completed, FIS Completed, No IA",No,,
22INR0314,Lan Solar Slf,"General Solar, Llc",Valley South – Paris,345,Lamar,NORTH,08/26/2025,PV,182.2,05/01/2020,07/07/2020,01/04/2021,,,"SS Completed, FIS Started, No IA",No,,
25INR0134,Hoskins Solar,"Sgt Hoskins Solar Project, Llc",Blossom - Lamar,138,Lamar,NORTH,08/31/2026,PV,204.12,10/24/2022,01/20/2023,,,,"SS Completed, FIS Started, No IA",No,,
23INR0225,Mrg Goody Solar,"Mrg Goody Solar Project, Llc",Toco – Paris,138,Lamar,NORTH,07/07/2025,PV,171.72,03/16/2021,06/11/2021,03/22/2022,11/21/2023,11/07/2023,"SS Completed, FIS Completed, IA",No,,
25INR0164, Star Dairy Solar,Star Dairy Solar Llc,Paris - Woodard,345,Lamar,NORTH,09/14/2026,PV,125.61,11/23/2022,02/17/2023,11/09/2022,,,"SS Completed, FIS Started, No IA",No,,
21INR0254,Blue Cut Solar,"Blue Cut Solar, Llc",Lampasas - Kempner,138,Lampasas,NORTH,09/01/2025,PV,150,01/30/2019,04/12/2019,10/08/2019,,,"SS Completed, FIS Started, No IA",No,,
24INR0473,Hooper Solar,"Bt Brown Solar, Llc",Lexington - Lyle Wolz,138,Lee,SOUTH,01/15/2026,PV,50.48,12/07/2022,03/06/2023,11/03/2022,02/20/2024,,"SS Completed, FIS Completed, No IA",No,,
22INR0211,Schoolhouse Solar,"Schoolhouse Solar, Llc",Austrop - Sandow,345,Lee,SOUTH,09/22/2025,PV,150.84,01/30/2019,04/09/2019,10/02/2019,,07/11/2021,"SS Completed, FIS Started, IA",No,,
24INR0127,Naduah Solar,"Gransolar Texas Fifteen, Llc","Tap  Ben Hur - Prairie Hill
",69,Limestone,NORTH,06/15/2026,PV,102.3,09/27/2021,12/09/2021,06/06/2022,08/02/2024,,"SS Completed, FIS Completed, No IA",No,,
25INR0128,Fiji Solar,Fiji Solar,Groesbeck Main - Mexia,138,Limestone,NORTH,08/30/2025,PV,202.7,09/27/2022,12/19/2022,09/19/2022,,,"SS Completed, FIS Started, No IA",No,,
25INR0199,Xe Bonham Solar 1,J&J Solar Ranch Llc,Mexia - Groes,138,Limestone,NORTH,08/31/2026,PV,138.4,11/15/2022,02/09/2023,10/31/2022,02/15/2024,08/07/2024,"SS Completed, FIS Completed, IA",No,,
23INR0100,Evergreen Solar,Bucks Bayou Llc,Magilla ,138,Matagorda,COASTAL,12/31/2025,PV,150,12/03/2020,02/18/2021,06/07/2021,08/18/2023,,"SS Completed, FIS Completed, No IA",No,,
21INR0380,Charolais Solar,"Rwe Solar Development, Llc",WA Parish - STP,345,Matagorda,COASTAL,12/15/2026,PV,261.63,08/05/2019,10/31/2019,04/27/2020,,,"SS Completed, FIS Started, No IA",No,,
22INR0244,Razorbill Solar,"Rwe Solar Development, Llc",STP - Hillje,345,Matagorda,COASTAL,12/15/2025,PV,240,01/02/2020,03/26/2020,09/16/2020,,,"SS Completed, FIS Started, No IA",No,,
21INR0295,Sterling Prairie Solar,"Rwe Solar Development, Llc",Pavlov,138,Matagorda,COASTAL,12/15/2025,PV,119.91,04/24/2019,07/23/2019,01/21/2020,,,"SS Completed, FIS Started, No IA",No,,
26INR0311,Senator Aggreko Solar,Senator Aggreko Solar Llc,Rosita Creek,138,Maverick,SOUTH,10/31/2026,PV,251,02/02/2024,01/08/2024,10/18/2023,,,"SS Completed, FIS Started, No IA",No,,
24INR0356,Cibeles Solar,"Elawan Cibeles Solar, Llc",Sam – Tradinghouse SES,345,McLennan,NORTH,08/01/2026,PV,251,05/16/2022,08/13/2022,,,,"SS Completed, FIS Started, No IA",No,,
24INR0104,Braswell Solar,"Gransolar Texas Nine, Llc",Lorena - Eddy,69,McLennan,NORTH,05/30/2026,PV,42.6,08/30/2021,11/18/2021,04/08/2022,,,"SS Completed, FIS Started, No IA",No,,
25INR0070,Albatross Solar,"Albatross Solar, Llc",Windsor Switch - McGregor,138,McLennan,NORTH,08/30/2025,PV,101,05/16/2022,08/13/2022,10/25/2022,06/17/2024,,"SS Completed, FIS Completed, No IA",No,,
24INR0161,Miranda Solar Project,"Miranda Solar Project, Llc",Fowlerton - San Miguel,345,McMullen,SOUTH,08/30/2026,PV,261.42,11/03/2021,01/07/2022,06/22/2022,09/03/2024,07/16/2024,"SS Completed, FIS Completed, IA",No,,
23INR0300,Greater Bryant G Solar,"Greater Bryant G Solar, Llc",Midessa - Trail Juntion Pod,138,Midland,WEST,12/15/2025,PV,17.7,06/17/2021,09/01/2021,06/16/2021,,07/18/2022,"SS Completed, FIS Started, IA",No,,
26INR0121,Pioneer Hutt Solar (Alternative Poi),Nextera Energy Interconnection Holdings Llc   ,Odessa - Grelton,345,Midland,WEST,12/30/2026,PV,116,06/28/2023,09/22/2023,06/12/2023,,,"SS Completed, FIS Started, No IA",No,,
24INR0099,Two Rivers Solar,"Two Rivers Solar, Llc",Milano – Robertson,138,Milam,SOUTH,03/14/2025,PV,219.35,07/27/2021,10/21/2021,07/22/2021,08/15/2024,,"SS Completed, FIS Completed, No IA",No,,
22INR0350,Sandow Solar,"Sandow Lakes Ranch Solar I, Llc",Austrop - Sandow line,345,Milam,SOUTH,09/21/2026,PV,287.18,09/11/2020,02/08/2021,05/28/2020,07/18/2024,,"SS Completed, FIS Completed, No IA",No,,
22INR0605,Camino Santiago Solar,Karol Solar I,Bell County East - TNP One,345,Milam,SOUTH,09/20/2026,PV,196.3,09/02/2022,11/30/2022,,,,"SS Completed, FIS Started, No IA",No,,
25INR0382,Happydogsolar,Rosula Solar Llc,Hog Creek – Bell County East,345,Milam,SOUTH,09/14/2026,PV,85.54,06/07/2023,09/01/2023,05/25/2023,,,"SS Completed, FIS Started, No IA",No,,
25INR0214,Burgos Solar,"Karol Solar Ii, Llc",Rookie Switch ,138,Milam,SOUTH,09/11/2026,PV,105.52,10/18/2022,01/13/2023,,,,"SS Completed, FIS Started, No IA",No,,
21INR0414,Jayhawk Solar,"Renewable Energy Ventures, Llc",Morgan - Gasconades,345,Mitchell,WEST,10/30/2025,PV,101.5,08/05/2019,10/31/2019,01/17/2020,,,"SS Completed, FIS Started, No IA",No,,
26INR0138,Weathervane Solar Slf,Mallard Place Llc,Bowie - Dye Mound ,138,Montague,NORTH,12/31/2026,PV,160.49,08/14/2023,11/02/2023,07/20/2023,,,"SS Completed, FIS Started, No IA",No,,
26INR0161,Timberline Solar,"Timberline Renewables, Llc",Nacogdoches SE - Mt Enterprise,345,Nacogdoches,NORTH,09/22/2026,PV,201,08/14/2023,11/10/2023,08/02/2023,,,"SS Completed, FIS Started, No IA",No,,
26INR0281,Shawnee Bottom Solar,"Shawnee Bottom Solar, Llc",Redland - Nacogdoches,138,Nacogdoches,NORTH,06/01/2026,PV,153,09/22/2023,12/19/2023,,,,"SS Completed, FIS Started, No IA",No,,
24INR0256,Kennedy Solar,Kennedy Bypass Solar Llc,Kopprl Capacitor Yard - Navarro,345,Navarro,NORTH,11/10/2025,PV,101.5,03/07/2022,06/02/2022,06/29/2022,,,"SS Completed, FIS Started, No IA",No,,
26INR0130,Elm Flats Solar Slf,"Elm Flats Solar, Llc",Briar – Powell,138,Navarro,NORTH,07/01/2026,PV,125.58,,09/01/2023,06/13/2023,,,"SS Completed, FIS Started, No IA",No,,
24INR0086,Pisgah Ridge Solar 2,"Pisgah Ridge Solar 2, Llc",Navarro - Limestone,345,Navarro,NORTH,12/31/2026,PV,101.89,07/14/2021,10/07/2021,08/25/2021,,,"SS Completed, FIS Started, No IA",No,,
25INR0029,Whistle Solar,"Gransolar Texas Nineteen, Llc",Haney – Navarro ,138,Navarro,NORTH,05/30/2026,PV,56.3,11/23/2021,02/18/2022,08/05/2022,,,"SS Completed, FIS Started, No IA",No,,
23INR0171,Goodalta Solar,Goodalta Power Center Llc,Trinidad - Winkler,138,Navarro,NORTH,08/26/2025,PV,180,01/25/2021,04/12/2021,01/07/2021,05/26/2023,,"SS Completed, FIS Completed, No IA",No,,
25INR0220,Hector Solar,"Hector Solar, Llc",Haney - Hubbard,138,Navarro,NORTH,12/31/2025,PV,81.59,10/24/2022,01/20/2023,,04/22/2024,,"SS Completed, FIS Completed, No IA",No,,
24INR0188,Tehuacana Creek Solar Slf,Tehuacana Creek Solar Llc,Big Brown – Navarro,345,Navarro,NORTH,12/31/2026,PV,505.5,12/20/2021,03/10/2022,12/09/2021,04/09/2024,,"SS Completed, FIS Completed, No IA",No,,
26INR0543,Three Canes Solar Slf,Three Canes Solar Llc,Big Brown – Navarro,345,Navarro,NORTH,12/31/2026,PV,333,07/22/2024,,07/10/2024,,,"SS Started, FIS Started, No IA",No,,
23INR0473,Sepanta Solar,Breg - Belgian Renewable Energy Group,Eskota,138,Nolan,WEST,04/20/2026,PV,217.26,10/18/2022,01/13/2023,11/15/2022,,,"SS Completed, FIS Started, No IA",No,,
23INR0008,Harley Hand Solar ,Hectate Energy Harley Hand Solar Llc,Sweetwater East ,345,Nolan,WEST,08/01/2025,PV,513.7,12/16/2019,03/11/2020,12/06/2019,,,"SS Completed, FIS Started, No IA",No,,
26INR0128,Sunwave Solar ,Baes Infrastructure Nueces Bay Solar Llc,Bunsen ,138,Nueces,COASTAL,08/29/2026,PV,149.4,05/26/2023,08/22/2023,,,,"SS Completed, FIS Started, No IA",No,,
21INR0509,Mcclure Solar,Mcclure Solar Llc,Oran - Morris Sheppard,69,Palo Pinto,NORTH,12/31/2025,PV,105.73,06/03/2020,08/18/2020,02/24/2021,,,"SS Completed, FIS Started, No IA",No,,
25INR0482,Vault Solar,Ppm Thr Solar,Rwmiller - Jaybird  ,138,Palo Pinto,NORTH,12/31/2026,PV,108.5,06/28/2023,09/20/2023,06/16/2023,,,"SS Completed, FIS Started, No IA",No,,
24INR0177,Mitchell Plant Road Solar,"Dhi Power, Llc",White Baker TNP,138,Pecos,WEST,07/01/2025,PV,201.5,02/21/2022,05/21/2022,01/28/2022,,,"SS Completed, FIS Started, No IA",No,,
24INR0233,St.Gall Solar,St. Gall Solar Llc,Leon Creek ,138,Pecos,WEST,06/01/2025,PV,207,02/28/2022,05/27/2022,02/24/2022,,,"SS Completed, FIS Started, No IA",No,,
24INR0452,Longfellow Solar I,"Century Gas Processing, Llc",TNCENTRY1_1  ,138,Pecos,WEST,12/31/2024,PV,178.2,11/07/2022,02/03/2023,,,,"SS Completed, FIS Started, No IA",No,,
24INR0454,Longfellow Solar Ii,"Century Gas Processing, Llc",TNCENTRY2_1  ,138,Pecos,WEST,12/31/2024,PV,207.36,11/07/2022,02/03/2023,,,,"SS Completed, FIS Started, No IA",No,,
21INR0274,Carol Solar,Carol Solar Llc,AJ Swope ,345,Potter,PANHANDLE,12/31/2025,PV,223.2,03/26/2019,06/11/2019,06/07/2019,,09/11/2020,"SS Completed, FIS Started, IA",No,,
24INR0477,Barrett Solar,"Barrett Solar Project, Llc",SNYPT_RC - LNOK_RC,138,Rains,NORTH,01/13/2026,PV,127.5,02/27/2023,05/26/2023,02/22/2023,10/02/2023,10/05/2023,"SS Completed, FIS Completed, IA",No,,
25INR0464,Unruh Solar,"Bt Unruh Solar, Llc",Bagwell – Lamar,69,Red River,NORTH,12/31/2025,PV,150.74,07/18/2023,10/10/2023,07/11/2023,,,"SS Completed, FIS Started, No IA",No,,
26INR0388,Aggie Solar Project Slf,Renrg Tx 8 Llc,Coyote Springs,138,Reeves,WEST,12/31/2026,PV,103.7,02/02/2024,04/29/2024,12/08/2023,,,"SS Completed, FIS Started, No IA",No,,
23INR0234,Chiltepin Solar,"Chiltepin Solar-Storage, Llc",Musquiz  ,138,Reeves,WEST,06/30/2025,PV,200,04/22/2021,07/14/2021,10/31/2021,,,"SS Completed, FIS Started, No IA",No,,
25INR0201,Veer Energy,"Dbr Solar, Llc",IH20 - Pecos,69,Reeves,WEST,12/31/2026,PV,90.72,12/07/2022,03/04/2023,,,,"SS Completed, FIS Started, No IA",No,,
24INR0103,Opuntia Solar Slf,"Opuntia Solar, Llc",Warburton - Medio Creek,138,Refugio,COASTAL,09/08/2026,PV,102.04,08/24/2021,11/16/2021,08/09/2021,,,"SS Completed, FIS Started, No IA",No,,
25INR0497,Stegall Solar,"Bt Martin Solar, Llc",Elliott - Franklin,69,Robertson,NORTH,12/31/2026,PV,81.57,08/21/2023,11/06/2023,08/02/2023,,,"SS Completed, FIS Started, No IA",No,,
23INR0385,Camp Creek Solar Slf,"White Rock Solar, Llc",Twin Oak - Limestone,345,Robertson,NORTH,12/16/2026,PV,165.6,12/24/2021,03/17/2022,12/09/2021,01/26/2024,07/15/2023,"SS Completed, FIS Completed, IA",No,,
26INR0431,Big Rooter West Solar Slf,"Big Rooter West, Llc",TNP One,345,Robertson,NORTH,12/31/2026,PV,403.42,03/22/2024,06/19/2024,03/22/2024,,,"SS Completed, FIS Started, No IA",No,,
22INR0392,Kalina Solar,Aurora Solar Llc,Goddard  ,345,San Patricio,COASTAL,07/01/2026,PV,120,08/04/2020,10/28/2020,03/29/2021,,,"SS Completed, FIS Started, No IA",No,,
25INR0057,Sombrero Solar,Aurora Solar Llc,Big Hill - Orsted,345,Schleicher,WEST,05/31/2026,PV,351.85,03/30/2022,06/26/2022,01/03/2023,,,"SS Completed, FIS Started, No IA",No,,
24INR0263,Cold Creek  Solar,Cold Creek Solar Llc,Big Hill,345,Schleicher,WEST,06/30/2025,PV,455,04/18/2022,07/08/2022,04/13/2022,,,"SS Completed, FIS Started, No IA",No,,
26INR0290,Cold Creek Solar 2,Cold Creek Solar Llc,Big Hill - Twin Buttes,345,Schleicher,WEST,12/31/2026,PV,445.41,12/18/2023,03/01/2024,11/07/2023,,,"SS Completed, FIS Started, No IA",No,,
26INR0150,Proving Ground Solar,Lantana Solar Llc,Live Oak - Santiago,138,Schleicher,WEST,03/01/2026,PV,82.1,07/10/2023,10/05/2023,,,,"SS Completed, FIS Started, No IA",No,,
25INR0196,Inadale Solar,"Inadale Solar, Llc",Tonkawaw – Scurcntys,345,Scurry,WEST,12/15/2026,PV,281.03,02/20/2023,05/19/2023,02/08/2023,08/01/2024,,"SS Completed, FIS Completed, No IA",No,,
23INR0260,Flatland Solar Project,"Flatland Solar Project, Llc",Scurry County ,138,Scurry,WEST,12/31/2025,PV,182.2,05/10/2021,07/30/2021,04/28/2021,,,"SS Completed, FIS Started, No IA",No,,
21INR0520,Viking Solar,"Yellow Viking Development One, Llc",Comanche Peak - Timberview,345,Somervell,NORTH,11/07/2026,PV,288.99,10/23/2020,01/12/2021,08/20/2020,,10/25/2022,"SS Completed, FIS Started, IA",No,,
26INR0322,Kobernat Solar,"Bt Kobernat Solar, Llc",Garza - Liston,138,Starr,SOUTH,12/30/2026,PV,100.54,02/02/2024,04/29/2024,01/11/2024,,,"SS Completed, FIS Started, No IA",No,,
21INR0227,Equinox Solar 2,Invenergy Solar Project Development Llc,Del Sol ,345,Starr,SOUTH,12/30/2026,PV,200,12/11/2018,01/31/2019,07/30/2019,,,"SS Completed, FIS Started, No IA",No,,
23INR0373,Fronton Solar 1,Meshek Usa Inc.,Roma ,138,Starr,SOUTH,12/14/2026,PV,132.7,10/05/2021,12/22/2021,09/17/2021,08/10/2023,,"SS Completed, FIS Completed, No IA",No,,
24INR0003,Stem Solar,"Innovative Solar 134, Llc",Tule Canyon - Ogallala,345,Swisher,PANHANDLE,08/26/2025,PV,200,02/04/2020,04/27/2020,10/22/2020,,,"SS Completed, FIS Started, No IA",No,,
24INR0308,Forts Trail Solar,"Jc Central Bluff, Llc",Central Bluff,345,Taylor,WEST,06/20/2026,PV,200.93,06/02/2022,08/30/2022,06/03/2022,,,"SS Completed, FIS Started, No IA",No,,
23INR0224,Morning Glory Solar,"Armadillo Solar, Llc",Amos Creek - Twin Buttes,345,Tom Green,WEST,03/31/2026,PV,122.4,06/16/2021,09/07/2021,05/17/2022,,,"SS Completed, FIS Started, No IA",No,,
24INR0372,Giga Austin Solar,Giga Texas Energy Llc,Hornsby,138,Travis,SOUTH,03/14/2025,PV,53.3,07/18/2022,10/14/2022,07/26/2022,,,"SS Completed, FIS Started, No IA",No,,
19INR0189,Sp Tx-12B Phase Iii,Coned Development,Castillo ,138,Upton,WEST,12/02/2025,PV,40,09/12/2018,10/03/2018,,,,"SS Completed, FIS Started, No IA",No,,
25INR0049,Point Mountain Solar,Hecate Energy Point Mountain Solar Facility Llc,Odessa - King Mountain,345,Upton,WEST,12/15/2026,PV,514,07/18/2022,10/14/2022,02/24/2022,,,"SS Completed, FIS Started, No IA",No,,
25INR0207,Shadow Ranch Solar,Lectricwind Llc,King Mountain ,345,Upton,WEST,06/01/2026,PV,807.61,09/27/2022,01/12/2023,,,,"SS Completed, FIS Started, No IA",No,,
25INR0194,Photo Solar 1,Ced Development Inc.,Downie ,138,Uvalde,SOUTH,05/31/2026,PV,150,09/15/2022,12/13/2022,09/15/2022,,,"SS Completed, FIS Started, No IA",No,,
26INR0028,Hyfuels Calhoun Solar,Hyfuels Green Lake Solar Llc,Radiant - Cobra,345,Victoria,SOUTH,10/01/2026,PV,301.82,10/18/2022,01/15/2023,,,,"SS Completed, FIS Started, No IA",No,,
26INR0019,Hyfuels Green Lake Solar,Hyfuels Green Lake Solar Llc,Tungsten ,138,Victoria,SOUTH,10/01/2026,PV,345.86,09/27/2022,12/22/2022,,,,"SS Completed, FIS Started, No IA",No,,
24INR0283,Sunshine Solar,Sunshine Energy Llc,Lolita - Victoria Line,138,Victoria,SOUTH,12/01/2026,PV,130.72,09/02/2022,11/29/2022,08/24/2022,,,"SS Completed, FIS Started, No IA",No,,
23INR0090,Iguala Solar,Iguala Solar Llc,STP - Angstrom,345,Victoria,SOUTH,12/31/2025,PV,250,10/07/2020,12/28/2020,06/07/2021,,,"SS Completed, FIS Started, No IA",No,,
23INR0189,Bayside Solar,"Bayside Solar, Llc",STP - Elm Creek and  Cachena and Old Hickory,345,Victoria,SOUTH,08/31/2026,PV,508.9,02/09/2021,05/06/2021,01/25/2021,12/06/2023,,"SS Completed, FIS Completed, No IA",No,,
24INR0401,Portside Energy Center (Solar) Slf,"Portside Energy Center, Llc",Chocolate Bayou ,138,Victoria,SOUTH,12/31/2026,PV,41.11,11/15/2022,02/10/2023,11/01/2022,,04/05/2024,"SS Completed, FIS Started, IA",No,,
25INR0606,Proteus Thornton Ranch Solar Slf,"Thornton Ranch Solar, Llc",TNSTAGHORN1 ,138,Ward,WEST,09/30/2026,PV,180,02/26/2024,05/20/2024,02/12/2024,,,"SS Completed, FIS Started, No IA",No,,
24INR0101,Lampe Solar,Gransolar Texas Seven Llc,Gay Hill - Lyons,138,Washington,SOUTH,12/30/2026,PV,60.24,08/03/2021,10/18/2021,04/14/2022,,,"SS Completed, FIS Started, No IA",No,,
24INR0056,Pradera Solar,"Pradera Solar, Llc",Lobo - Fowlerton,345,Webb,SOUTH,10/31/2024,PV,118,07/08/2021,09/28/2021,06/23/2021,,,"SS Completed, FIS Started, No IA",No,,
23INR0190,Cosmos Solar,"Edf Renewables Development, Inc.",Holman - Hillje ,345,Wharton,SOUTH,12/01/2024,PV,609.74,03/01/2021,05/13/2021,03/01/2021,,,"SS Completed, FIS Started, No IA",No,,
22INR0337,Skylab Solar,"Edf Renewables Development, Inc.",STP - Angstrom,345,Wharton,SOUTH,12/01/2025,PV,609.74,06/03/2020,08/11/2020,05/27/2020,,,"SS Completed, FIS Started, No IA",No,,
25INR0319,Northington Solar,"Northington Solar, Llc",El Campo - Pulsar Line,138,Wharton,SOUTH,12/01/2026,PV,129.81,02/20/2023,05/19/2023,02/02/2023,,,"SS Completed, FIS Started, No IA",No,,
25INR0493, Photon Solar  1 2,"Gulfstar Power, Llc",Waterh_POI_5 ,345,Wharton,SOUTH,12/31/2025,PV,235.66,,,08/28/2024,,,"SS Started, FIS Started, No IA",No,,
25INR0673,Photon Solar 4,"Gulfstar Power, Llc",Waterh_POI_5 ,345,Wharton,SOUTH,12/31/2025,PV,105.98,,,08/21/2024,,,"SS Started, FIS Started, No IA",No,,
24INR0167,Oci Sunroper,Oci Sunroper Llc,South Lane City - Dyann,138,Wharton,SOUTH,07/01/2026,PV,265.1,11/24/2021,02/19/2022,11/23/2021,05/30/2024,,"SS Completed, FIS Completed, No IA",No,,
25INR0156,Bay Prairie Solar,"San Bernard Solar Ii, Llc",South Lane City,138,Wharton,SOUTH,09/01/2025,PV,200.9,10/06/2022,12/28/2022,09/28/2022,,,"SS Completed, FIS Started, No IA",No,,
23INR0227,Maleza Solar Ii,"Brush Solar, Llc",Blue – Hillje,345,Wharton,SOUTH,09/01/2025,PV,254.94,04/06/2021,06/24/2021,05/19/2021,,,"SS Completed, FIS Started, No IA",No,,
21INR0210,Adamstown Solar,"Adams Creek Solar Project, Llc",West Krum - Riley,345,Wichita,WEST,09/30/2026,PV,251.28,11/20/2018,02/04/2019,05/16/2019,,08/08/2022,"SS Completed, FIS Started, IA",No,,
25INR0154,Nymphaea Solar,"Nymphaea Solar, Llc",Krum West - Riley,345,Wichita,WEST,12/21/2025,PV,120.9,09/21/2022,12/19/2022,,04/24/2024,,"SS Completed, FIS Completed, No IA",No,,
23INR0273,Poco Trail Solar,"Eastern Trail Solar Center, Llc",Riley - Bowman,345,Wilbarger,WEST,03/15/2026,PV,438.75,09/14/2021,11/30/2021,07/12/2021,,,"SS Completed, FIS Started, No IA",No,,
25INR0377,Proteus Vernon Solar Slf,Vernon Solar And Storage Llc (A Delaware Llc),Vernon ,138,Wilbarger,WEST,12/31/2026,PV,75,03/27/2023,06/19/2023,,,,"SS Completed, FIS Started, No IA",No,,
26INR0074,Anila Solar,Alina Energy Llc,Elm Creek - San Miguel,345,Wilson,SOUTH,07/02/2026,PV,200.8,01/30/2023,04/28/2023,01/20/2023,07/10/2024,,"SS Completed, FIS Completed, No IA",No,,
24INR0160,Huisache Solar,"Huisache Solar, Llc",Elm Creek - Shaula,,Wilson,SOUTH,02/15/2026,PV,125.59,12/03/2021,03/01/2022,06/22/2022,,,"SS Completed, FIS Started, No IA",No,,
24INR0156,Moonstone Solar Project,Ignis Tx Solar One Llc,Eagle Creek - Floresville,138,Wilson,SOUTH,03/31/2026,PV,145.81,10/27/2021,01/24/2022,06/07/2022,01/18/2024,,"SS Completed, FIS Completed, No IA",No,,
23INR0193,Stockdale Solar,"Stockdale Solar, Llc",Elm Creek - Old Hickory,345,Wilson,SOUTH,12/31/2025,PV,152.5,04/01/2021,07/02/2021,02/22/2021,,,"SS Completed, FIS Started, No IA",No,,
22INR0243,Painted Horse Solar,"Rwe Solar Development, Llc",STP - Elm Creek,345,Wilson,SOUTH,12/15/2025,PV,200.58,02/12/2020,05/06/2020,11/05/2020,,,"SS Completed, FIS Started, No IA",No,,
23INR0215,Big River Solar,Rio Grande River Solar Llc,Zapata - Lopeno,138,Zapata,SOUTH,12/01/2025,PV,104.35,05/04/2021,07/27/2021,04/15/2021,,,"SS Completed, FIS Started, No IA",No,,
23INR0006,Sierra Madre Solar,Sierra Madre Solar Llc,Del Sol - Cenizo,345,Zapata,SOUTH,12/01/2025,PV,255.15,01/22/2020,04/08/2020,10/05/2020,,,"SS Completed, FIS Started, No IA",No,,
24INR0077,Quarter Ranch Solar,Gransolar Texas Three Llc,Cenizo,345,Zapata,SOUTH,09/30/2026,PV,154.12,07/13/2021,09/28/2021,03/23/2022,,,"SS Completed, FIS Started, No IA",No,,
24INR0184,Slate Solar Project,Ignis Tx Solar Three Llc,Rio Bravo - San Ygancio,138,Zapata,SOUTH,09/30/2025,PV,104.89,12/20/2021,03/10/2022,07/13/2022,,,"SS Completed, FIS Started, No IA",No,,
24INR0183,Altamira Solar,"J&R Power Devco, Llc",San Ygnacio,138,Zapata,SOUTH,09/29/2025,PV,150.66,01/20/2022,04/18/2022,10/07/2022,,,"SS Completed, FIS Started, No IA",No,,
25INR0290,Oci Sunshiner Solar,Oci Sunshiner Llc,LaPryor,138,Zavala,SOUTH,07/01/2026,PV,130,02/20/2023,05/18/2023,01/30/2023,,,"SS Completed, FIS Started, No IA",No,,